[
  {
    "cc_min": 0,
    "cc_max": 750,
    "tax": 103
  },
  {
    "cc_min": 751,
    "cc_max": 950,
    "tax": 129
  },
  {
    "cc_min": 951,
    "cc_max": 1150,
    "tax": 186
  },
  {
    "cc_min": 1151,
    "cc_max": 1350,
    "tax": 243
  },
  {
    "cc_min": 1351,
    "cc_max": 1550,
    "tax": 301
  },
  {
    "cc_min": 1551,
    "cc_max": 1750,
    "tax": 358
  },
  {
    "cc_min": 1751,
    "cc_max": 1950,
    "tax": 415
  },
  {
    "cc_min": 1951,
    "cc_max": 2150,
    "tax": 472
  },
  {
    "cc_min": 2151,
    "cc_max": 2350,
    "tax": 529
  },
  {
    "cc_min": 2351,
    "cc_max": 2550,
    "tax": 586
  },
  {
    "cc_min": 2551,
    "cc_max": 2750,
    "tax": 643
  },
  {
    "cc_min": 2751,
    "cc_max": 2950,
    "tax": 700
  },
  {
    "cc_min": 2951,
    "cc_max": 3150,
    "tax": 757
  },
  {
    "cc_min": 3151,
    "cc_max": 3350,
    "tax": 814
  },
  {
    "cc_min": 3351,
    "cc_max": 3550,
    "tax": 871
  },
  {
    "cc_min": 3551,
    "cc_max": 3750,
    "tax": 928
  },
  {
    "cc_min": 3751,
    "cc_max": 3950,
    "tax": 985
  },
  {
    "cc_min": 3951,
    "cc_max": 999999,
    "tax": 1042
  }
]