{"MB_TABLE": [{"min": 0, "max": 70, "mb": 61.5}, {"min": 71, "max": 85, "mb": 123}, {"min": 86, "max": 100, "mb": 495}, {"min": 101, "max": 110, "mb": 867}, {"min": 111, "max": 120, "mb": 1239}, {"min": 121, "max": 155, "mb": 2478}, {"min": 156, "max": 9999, "mb": 4957}], "DEGRESS": {"0": 1, "1": 0.9, "2": 0.8, "3": 0.7, "4": 0.6, "5": 0.55, "6": 0.5, "7": 0.45, "8": 0.4, "9": 0.35, "10": 0.3, "11": 0.25, "12": 0.2, "13": 0.15, "14": 0.1}, "X": {"WLTP": 136, "NEDC": 115}, "Y": 1838, "MIN": 50, "MAX": 9000}